{
  "timestamp": "2025-03-29T09:30:00.114763",
  "detections": [
    {
      "class_name": "quantum_enhanced_object",
      "confidence": 0.6185030341148376,
      "uncertainty": 0.028238188475370407,
      "processing_time": 0.02535223960876465,
      "quantum_features": [
        0.6206836700439453,
        0.5986241102218628,
        0.5960149765014648,
        0.5960264205932617,
        0.5953774452209473,
        0.5972613096237183,
        0.5976966619491577,
        0.5982317924499512,
        0.598709225654602,
        0.5977237820625305,
        0.6056907176971436,
        0.645879328250885,
        0.6595945358276367,
        0.6538624167442322,
        0.6613231897354126,
        0.6733492016792297
      ]
    }
  ],
  "metrics": {
    "detection_metrics": {
      "total_detections": 1,
      "successful_detections": 1,
      "failed_detections": 0,
      "average_confidence": 0.6185030341148376,
      "false_positive_rate": 0.0,
      "false_negative_rate": 0.0
    },
    "quantum_metrics": {
      "coherence_time": 25.357961654663086,
      "entanglement_quality": 0.028238188475370407,
      "quantum_advantage": 1.9499217019147606,
      "circuit_depth": 2,
      "qubit_stability": 1.0
    },
    "performance_metrics": {
      "inference_time": [
        0.025357961654663086
      ],
      "memory_usage": [
        1.9069671630859375
      ],
      "energy_efficiency": [
        0.9715762857407875
      ]
    },
    "learning_metrics": {
      "model_version": "2.0.0",
      "training_iterations": 0,
      "learning_rate": 0.001,
      "adaptation_score": 0.9715762857407875
    }
  },
  "system_info": {
    "memory_usage": 1.9708633422851562,
    "cpu_usage": 66.7
  }
}